source_file,persona_text,age,EC_z,EC_p,PC_z,PC_p,PE_z,PE_p
study_results/study_keefe/input_csv/keefe_scores_chunk_0.csv,A high school student who is just beginning to discover the complexity of post-modernist literature,16,5.301230771626295,1.1502458030498985e-07,4.543912089965396,5.521969439481467e-06,-0.7573186816608996,0.44885896122447644
study_results/study_keefe/input_csv/keefe_scores_chunk_0.csv,A 16-year-old high school student in New Zealand who is passionate about learning the Maori culture and has been assigned to write an essay about a significant figure within it.,16,6.113825636370128,9.727059158137763e-10,4.148667396108309,3.3441626816399506e-05,-1.9651582402618177,0.04939592557035266
study_results/study_keefe/input_csv/keefe_scores_chunk_0.csv,A high school student researching African American history for a school project,16,6.180957565486336,6.371394523085883e-10,5.408337869800541,6.361233562124369e-08,-0.7726196956857947,0.43974748472008995
study_results/study_keefe/input_csv/keefe_scores_chunk_0.csv,A high school student interested in pursuing a career in data science and seeking guidance on building a strong foundation in mathematics,16,5.783858089505131,7.300653637187793e-09,5.164159008486722,2.415223241403197e-07,-0.6196990810184081,0.5354559208217606
study_results/study_keefe/input_csv/keefe_scores_chunk_0.csv,a 17-year-old high school student doing a paper for a history class,17,6.388486387599852,1.6753576304040507e-10,5.824796412223395,5.718226336881571e-09,-0.5636899753764573,0.5729651409309098
study_results/study_keefe/input_csv/keefe_scores_chunk_0.csv,A high school senior passionate about social work and considering a career in nursing,16,6.865237158920452,6.638023464233811e-12,5.792543852839131,6.9328216500963435e-09,-1.0726933060813213,0.2834087447538718
study_results/study_keefe/input_csv/keefe_scores_chunk_0.csv,A high school student who is an eSports competitor and considers retro games antiquated,16,5.818943993249217,5.922057066953812e-09,5.417637510956168,6.039169875293737e-08,-0.4013064822930488,0.6881944916140004
study_results/study_keefe/input_csv/keefe_scores_chunk_0.csv,A high school student inspired by the journalist's articles who starts a voter education club at their school,16,4.871009810766443,1.1102932611084526e-06,4.48132902590513,7.417964656752929e-06,-0.3896807848613133,0.6967726069656592
study_results/study_keefe/input_csv/keefe_scores_chunk_0.csv,A high school student who is struggling with his history studies,16,5.378210808188899,7.522970024709252e-08,4.201727193897573,2.6488622659304184e-05,-1.176483614291327,0.23940167644326427
study_results/study_keefe/input_csv/keefe_scores_chunk_0.csv,A curious high schooler passionate about marine life and interested in learning about seagrass conservation,16,7.1119905702161335,1.1437517599688363e-12,4.811052444557976,1.5013761174298423e-06,-2.3009381256581563,0.021395128707187405
study_results/study_keefe/input_csv/keefe_scores_chunk_1.csv,An ambitious high school student with diverse interests developing strong leadership skills by actively participating in different clubs and societies,16,5.728968490247183,1.010431605052986e-08,4.938765939868263,7.861850763735134e-07,-0.7902025503789194,0.42940948683935076
study_results/study_keefe/input_csv/keefe_scores_chunk_1.csv,A high school student who is passionate about paleontology and looks up to scientists like Hou Xian-guang,16,6.105500286849665,1.0247918069694606e-09,4.006734563245087,6.156398335588342e-05,-2.098765723604581,0.03583755776148556
study_results/study_keefe/input_csv/keefe_scores_chunk_1.csv,A high school student fascinated by how equations and theories apply to real-life constructions,16,4.58269479389803,4.590217713928979e-06,4.216079210386185,2.4858647544201418e-05,-0.36661558351184464,0.7139057824790702
study_results/study_keefe/input_csv/keefe_scores_chunk_1.csv,A high school student on the baseball team who is keen on learning the sport's history and tactics,16,7.1316923197849915,9.914291609902648e-13,5.2978285804116965,1.1718790138282031e-07,-1.8338637393732957,0.06667422330860084
study_results/study_keefe/input_csv/keefe_scores_chunk_1.csv,A curious high school student who assists in conducting and documenting their visual experiments,16,5.233584375997,1.6625406074055604e-07,4.070565625775442,4.689912664646023e-05,-1.1630187502215588,0.24482189504253382
study_results/study_keefe/input_csv/keefe_scores_chunk_1.csv,A high school senior organizing a student-led political action group at their school,16,6.241779387177323,4.3262082805028967e-10,5.637736220676298,1.7230016302605122e-08,-0.6040431665010245,0.5458149434560522
study_results/study_keefe/input_csv/keefe_scores_chunk_1.csv,A high schooler seeking guidance on how to improve their research skills for academic success,16,5.40032753845213,6.651933293078116e-08,3.9105820106032634,9.207399064026234e-05,-1.489745527848866,0.13629115872757902
study_results/study_keefe/input_csv/keefe_scores_chunk_1.csv,A high school student with a keen interest in community service looking to learn from the teacher's experiences,16,5.700899134746143,1.19177141488791e-08,5.700899134746143,1.19177141488791e-08,0.0,1.0
study_results/study_keefe/input_csv/keefe_scores_chunk_1.csv,A high school student learning Python for their science fair project on artificial intelligence,16,8.130171721137925,4.440892098500626e-16,6.097628790853435,1.076533751032116e-09,-2.03254293028449,0.04209872230428502
study_results/study_keefe/input_csv/keefe_scores_chunk_1.csv,A high school student interested in computer science seeking advice on preparing for coding competitions,16,6.7626478856124566,1.354916179252541e-11,5.533075542773833,3.146638660744827e-08,-1.2295723428386225,0.21885729210841154
study_results/study_keefe/input_csv/keefe_scores_chunk_2.csv,A curious elementary school student who eagerly awaits the next story on their daily bus ride,8,6.231177910025786,4.629410188528027e-10,5.815766049357401,6.0356832864982835e-09,-0.4154118606683855,0.6778404255087032
study_results/study_keefe/input_csv/keefe_scores_chunk_2.csv,An imaginative elementary school student with a pet iguana and a love for adventure stories,8,5.93020235533491,3.0256157579344745e-09,4.907753673380612,9.212545801773331e-07,-1.022448681954299,0.3065685895242931
study_results/study_keefe/input_csv/keefe_scores_chunk_2.csv,A curious elementary school student who has just learned about millipedes in science class and is fascinated by all kinds of bugs.,8,7.452647694352028,9.14823772291129e-14,6.549296458672994,5.780886880302205e-11,-0.9033512356790343,0.36633951206656956
study_results/study_keefe/input_csv/keefe_scores_chunk_2.csv,An elementary school student working on a community recycling project for a school fair,8,5.257277497424857,1.4620361876716004e-07,4.673135553266537,2.966358445766204e-06,-0.5841419441583203,0.5591248171308045
study_results/study_keefe/input_csv/keefe_scores_chunk_2.csv,An eager 7-year old boy who enjoys reading more than playing video games,7,5.951858711495784,2.6511419726205077e-09,5.183876942270515,2.173203501598664e-07,-0.7679817692252697,0.4424980159197527
study_results/study_keefe/input_csv/keefe_scores_chunk_2.csv,A curious elementary school student who looks forward to meeting the author and asking questions about their books,8,6.141270326874623,8.18641376909568e-10,6.550688348666263,5.7272409037523175e-11,0.40941802179164094,0.6822329163277852
study_results/study_keefe/input_csv/keefe_scores_chunk_2.csv,A curious elementary school student in need of help with math and science homework,8,5.7707754602255665,7.890756048567482e-09,4.424261186172936,9.67728859491146e-06,-1.3465142740526301,0.17813672013457715
study_results/study_keefe/input_csv/keefe_scores_chunk_2.csv,A 3rd grade biology enthusiast,8,7.5961423122828275,3.042011087472929e-14,5.808814709392748,6.291667187241501e-09,-1.787327602890079,0.07388455521847459
study_results/study_keefe/input_csv/keefe_scores_chunk_2.csv,A primary school student who eagerly provides input and suggestions for story development,8,6.816715388988239,9.314549132000138e-12,5.7838797239900295,7.29971438850896e-09,-1.03283566499821,0.3016808102081643
study_results/study_keefe/input_csv/keefe_scores_chunk_2.csv,A local elementary school student who is part of a gardening club and looks up to the urban gardening enthusiast as a mentor,8,5.557080657340464,2.7432401683569196e-08,4.5279916467218575,5.954693506948772e-06,-1.0290890106186077,0.30343784970643717
study_results/study_keefe/input_csv/keefe_scores_chunk_3.csv,A young child who develops their problem-solving abilities and vocabulary through solving crossword puzzles,10,6.969277277098165,3.185673946859424e-12,6.040040306818406,1.5407572995229657e-09,-0.929236970279759,0.3527662917609109
study_results/study_keefe/input_csv/keefe_scores_chunk_3.csv,A shy and introverted third-grader who discovers the joy of reading through the librarian's recommendations,8,4.566817810994582,4.951840390399198e-06,4.131882781376052,3.598039036134537e-05,-0.43493502961852987,0.6636095872351766
study_results/study_keefe/input_csv/keefe_scores_chunk_3.csv,An elementary school student who prefers reading traditional storybooks over digital ones,8,5.750416789045536,8.902371062546877e-09,5.955788817225734,2.5882036513991125e-09,0.2053720281801981,0.8372814727574087
study_results/study_keefe/input_csv/keefe_scores_chunk_3.csv,A primary school student who loves learning new healthy recipes to cook at home,8,4.456490417830649,8.331232308034231e-06,3.921711567690976,8.7922201129631e-05,-0.5347788501396727,0.5928027896657899
study_results/study_keefe/input_csv/keefe_scores_chunk_3.csv,A 9-year-old child who greatly enjoys the storytelling events and wants to become a writer,9,6.952641833661887,3.5851321911195555e-12,6.2798055271784765,3.3899683060667485e-10,-0.6728363064834085,0.5010514370618702
study_results/study_keefe/input_csv/keefe_scores_chunk_3.csv,An 11-year-old child obsessed with astronomy,11,6.25660290197631,3.934534920091437e-10,5.213835751646924,1.8497526421690225e-07,-1.0427671503293863,0.2970561489347503
study_results/study_keefe/input_csv/keefe_scores_chunk_3.csv,An elementary school student who helps in the garden and listens to stories of classic literature,8,3.5866493604982455,0.00033495424241181126,3.40731689247333,0.0006560491058302809,-0.1793324680249155,0.8576766542770469
study_results/study_keefe/input_csv/keefe_scores_chunk_3.csv,A lively ten-year-old who adores reading and regularly reviews books on her YouTube channel,10,6.211721875822014,5.240712308562934e-10,5.810965625768985,6.211351877283278e-09,-0.4007562500530297,0.6885995924452322
study_results/study_keefe/input_csv/keefe_scores_chunk_3.csv,A fellow elementary school student who is fascinated by birds and enjoys drawing them,8,5.699131521425432,1.2041930119721656e-08,4.369334166426166,1.2462593761419782e-05,-1.3297973549992668,0.18358504765789574
study_results/study_keefe/input_csv/keefe_scores_chunk_3.csv,A third-grade student who benefits from the integrated lesson plans and develops a love for reading and writing,8,6.48894631222075,8.643885607284574e-11,4.325964208147177,1.518660824118001e-05,-2.1629821040735715,0.03054255607847778
study_results/study_keefe/input_csv/keefe_scores_chunk_4.csv,An inquisitive middle school student joining the science club for the first time,12,7.4550410101733755,8.992806499463768e-14,6.0446278460865255,1.4975527484750728e-09,-1.410413164086849,0.15841772058354398
study_results/study_keefe/input_csv/keefe_scores_chunk_4.csv,A bright middle schooler who voraciously reads science fiction and conducts small experiments in their spare time,12,6.455557490424194,1.078213074379164e-10,5.206094750342091,1.928561994546385e-07,-1.249462740082105,0.21149587330592512
study_results/study_keefe/input_csv/keefe_scores_chunk_4.csv,A creative middle schooler who has started a cooking vlog using the new kitchen,12,6.932813172046984,4.125588759507082e-12,5.546250537637584,2.9186054018026653e-08,-1.3865626344094002,0.16557516880285905
study_results/study_keefe/input_csv/keefe_scores_chunk_4.csv,A curious middle school student who is fascinated by rocks and minerals,12,6.344959284242078,2.2248425324278287e-10,5.551839373711817,2.8267928220415683e-08,-0.7931199105302608,0.4277079635324932
study_results/study_keefe/input_csv/keefe_scores_chunk_4.csv,A middle school student seeking guidance on how to improve their computer skills for school assignments,12,7.052028784100663,1.7632562077096736e-12,6.649055710723481,2.9497959630475634e-11,-0.40297307337718197,0.6869680332672161
study_results/study_keefe/input_csv/keefe_scores_chunk_4.csv,A middle school band member interested in learning a variety of percussion instruments,12,5.573630388973315,2.4948476395891817e-08,4.930519190245627,8.201135941465765e-07,-0.6431111987276898,0.5201519484368493
study_results/study_keefe/input_csv/keefe_scores_chunk_4.csv,A shy but imaginative middle schooler who is looking for a captivating adventure novel to read,12,6.923509185452349,4.405809050922471e-12,6.923509185452348,4.405809050922471e-12,-8.784730638734725e-16,0.9999999999999993
study_results/study_keefe/input_csv/keefe_scores_chunk_4.csv,A middle school student excited about earth sciences and participating in the school's science fair with a volcano project,12,5.8758402751111145,4.207038273307262e-09,4.935705831093345,7.986140422300281e-07,-0.94013444401777,0.34714860297236516
study_results/study_keefe/input_csv/keefe_scores_chunk_4.csv,An ambitious 7th grade student who loves to learn but struggles with dyscalculia,12,6.294334020746536,3.087223809927764e-10,4.060860658546148,4.889214656333962e-05,-2.2334733622003884,0.025517745043400097
study_results/study_keefe/input_csv/keefe_scores_chunk_4.csv,A creative writing enthusiast in middle school who enjoys crafting stories and sometimes struggles with math homework,12,6.934807156773728,4.0678571622265736e-12,5.816289873423134,6.016809273035051e-09,-1.118517283350593,0.2633461291191592
study_results/study_keefe/input_csv/keefe_scores_chunk_5.csv,A middle school student who attends the coding workshops and looks up to the advocate as a role model,12,5.8451864283059844,5.060012631119548e-09,4.4813095950345945,7.418640168843638e-06,-1.3638768332713909,0.17260633322128438
study_results/study_keefe/input_csv/keefe_scores_chunk_5.csv,A middle school student who aspires to be a nurse and seeks guidance on how to start their journey,12,6.060415054070046,1.3577075019810536e-09,4.734699260992232,2.1938014822531215e-06,-1.3257157930778125,0.18493385419657038
study_results/study_keefe/input_csv/keefe_scores_chunk_5.csv,A middle schooler who loves exploring their town's history through geocaching and local legends,12,5.734202537257646,9.797220368312765e-09,5.521824665507363,3.354971922497896e-08,-0.21237787175028403,0.8318122478056389
study_results/study_keefe/input_csv/keefe_scores_chunk_5.csv,A middle school student working on a school project about mystery novels,12,6.658866023582538,2.759481532166319e-11,5.618418207397766,1.9271358508987646e-08,-1.0404478161847712,0.29813189639267246
study_results/study_keefe/input_csv/keefe_scores_chunk_5.csv,A secondary school student who is just starting to learn about programming and open-source projects,12,6.843426177202493,7.73203723269944e-12,4.830653772142936,1.3608546640675456e-06,-2.0127724050595566,0.044138578213492874
study_results/study_keefe/input_csv/keefe_scores_chunk_5.csv,A curious and inquisitive middle school student eager to learn about the town's past,12,6.721214780054365,1.802158422492539e-11,6.128166417108393,8.88975781876411e-10,-0.593048362945971,0.5531487864087086
study_results/study_keefe/input_csv/keefe_scores_chunk_5.csv,An ambitious 8th grader with a penchant for documentary filmmaking and a keen interest in local legends,13,5.260685321160786,1.4351947097424045e-07,4.286484335760632,1.8152299575247e-05,-0.9742009854001534,0.329956755505179
study_results/study_keefe/input_csv/keefe_scores_chunk_5.csv,A bright and curious middle schooler struggling with reading comprehension,12,6.388410487684233,1.6761880772264703e-10,5.80764589789476,6.335733493401108e-09,-0.5807645897894724,0.5613991234723776
study_results/study_keefe/input_csv/keefe_scores_chunk_5.csv,A keen middle school student working on a project about famous architects in history,12,5.756136215832975,8.606095169838568e-09,5.036619188853858,4.7382611434443334e-07,-0.7195170269791183,0.4718224149628436
study_results/study_keefe/input_csv/keefe_scores_chunk_5.csv,7th grade student in a computer science class,12,6.376161401504385,1.8158163861414778e-10,4.637208292003187,3.531464913608673e-06,-1.7389531095011976,0.08204301119752766
study_results/study_keefe/input_csv/keefe_scores_chunk_6.csv,A college freshman interested in studying automobile engineering,18,6.180960389482783,6.371281280337371e-10,5.408340340797428,6.361145810096502e-08,-0.7726200486853544,0.43974727574715966
study_results/study_keefe/input_csv/keefe_scores_chunk_6.csv,A freshman in mathematics at an university,18,5.544137699966447,2.9540630164248682e-08,4.471078790295516,7.782601722849947e-06,-1.0730589096709322,0.2832446856528954
study_results/study_keefe/input_csv/keefe_scores_chunk_6.csv,A first-year female undergraduate who is majoring in electronics at a university,18,7.125335442632213,1.0382805726294464e-12,5.44878592671874,5.071481012919321e-08,-1.6765495159134727,0.0936306058209131
study_results/study_keefe/input_csv/keefe_scores_chunk_6.csv,A first-year history student at Oregon State University with some interest in environmental topics,18,4.192045371457666,2.7645068917170335e-05,3.2807311602712237,0.0010353838205989785,-0.9113142111864417,0.3621298407088669
study_results/study_keefe/input_csv/keefe_scores_chunk_6.csv,A budding film music composer currently studying at Berklee College of Music who idolizes established composers and seeks inspiration from their careers,18,6.154197479095074,7.545861713253998e-10,5.305342654392299,1.1246153941435466e-07,-0.8488548247027745,0.3959620789291143
study_results/study_keefe/input_csv/keefe_scores_chunk_6.csv,A first-year university student who dreams of studying in a foreign country to immerse themselves in a different culture,18,5.406749196796143,6.417891262877617e-08,3.169473667087397,0.0015271529559697239,-2.2372755297087448,0.025268337525155227
study_results/study_keefe/input_csv/keefe_scores_chunk_6.csv,An incoming freshman at Barton College who's interested in studying audio recording technologies,18,5.740083253736575,9.463001715559471e-09,4.920071360345638,8.651266467651908e-07,-0.8200118933909379,0.41220932710700176
study_results/study_keefe/input_csv/keefe_scores_chunk_6.csv,A college freshman discovering the world of literature and finding their passion for writing,18,4.95301875375882,7.307092935171511e-07,4.191015868565157,2.7770823408435064e-05,-0.7620028851936633,0.4460582821753345
study_results/study_keefe/input_csv/keefe_scores_chunk_6.csv,A first-year university student majoring in English with little background in chemistry or biology,18,5.507599360505253,3.637601042605354e-08,4.720799451861638,2.3491947633846877e-06,-0.7867999086436153,0.43139900699392175
study_results/study_keefe/input_csv/keefe_scores_chunk_6.csv,A freshman at the University of Vermont studying Business Administration,18,5.728964626414218,1.0104546088740562e-08,4.93876260897777,7.861985034107732e-07,-0.7902020174364486,0.42940979803204193
study_results/study_keefe/input_csv/keefe_scores_chunk_7.csv,A first-year university student who just completed a course in number theory,18,6.296480529539924,3.044795526818689e-10,4.919125413703062,8.69317594132113e-07,-1.3773551158368624,0.16840248262475055
study_results/study_keefe/input_csv/keefe_scores_chunk_7.csv,A first-year college student who is timid and anxious about situations that involve big crowds and strangers,18,6.488946312220747,8.643885607284574e-11,5.30913789181698,1.1014498069172873e-07,-1.1798084204037667,0.23807641975542992
study_results/study_keefe/input_csv/keefe_scores_chunk_7.csv,A first-year university student who values honesty and integrity in academics,18,7.235096802822501,4.651834473179406e-13,5.3746433392395625,7.673441948519155e-08,-1.8604534635829377,0.06282139662764985
study_results/study_keefe/input_csv/keefe_scores_chunk_7.csv,A college freshman who struggles with distinguishing reliable information from misinformation online,18,5.705519588704163,1.1598871640927655e-08,4.417176455770956,9.99985930194569e-06,-1.2883431329332076,0.19762654474662877
study_results/study_keefe/input_csv/keefe_scores_chunk_7.csv,A first-year college student majoring in engineering struggling with calculus,18,6.609228360266055,3.863287467709142e-11,5.116821956335011,3.107266761670502e-07,-1.4924064039310436,0.13559263723910275
study_results/study_keefe/input_csv/keefe_scores_chunk_7.csv,A college freshman enrolled in an archaeology course and inspired by the stories of past civilizations,18,6.801781097820808,1.0333289779396182e-11,5.635761481051524,1.7428646970074624e-08,-1.1660196167692851,0.24360651427962443
study_results/study_keefe/input_csv/keefe_scores_chunk_7.csv,A college freshman volunteering in social work inspired by early education experiences,18,5.474440563242976,4.388959173873275e-08,3.852384100059872,0.00011697334663085535,-1.6220564631831054,0.10479125896837527
study_results/study_keefe/input_csv/keefe_scores_chunk_7.csv,A freshman student at Cleveland State University who is eager to deepen his understanding of Middle Eastern Studies and needs to collect various academic resources for his study.,18,8.590849840093252,0.0,5.645415609204134,1.647826852746448e-08,-2.9454342308891177,0.00322501703079614
study_results/study_keefe/input_csv/keefe_scores_chunk_7.csv,A freshman at Utah Tech University enthusiastic about football and deeply involved in school spirit,18,4.357009178571604,1.3185174078556017e-05,4.357009178571603,1.3185174078556017e-05,0.0,1.0
study_results/study_keefe/input_csv/keefe_scores_chunk_7.csv,An university freshman interested in cross-disciplinary studies,18,4.871005327866039,1.110318455621595e-06,4.481324901636754,7.418108031620463e-06,-0.3896804262292837,0.6967728721910607
